<?xml version='1.0' encoding='UTF-8'?>
<?artifactRepository version='1.1.0'?>
<repository name='Bundle pool' type='org.eclipse.equinox.p2.artifact.repository.simpleRepository' version='1'>
  <properties size='2'>
    <property name='p2.system' value='true'/>
    <property name='p2.timestamp' value='1558082910139'/>
  </properties>
  <mappings size='3'>
    <rule filter='(&amp; (classifier=osgi.bundle))' output='${repoUrl}/plugins/${id}_${version}.jar'/>
    <rule filter='(&amp; (classifier=binary))' output='${repoUrl}/binary/${id}_${version}'/>
    <rule filter='(&amp; (classifier=org.eclipse.update.feature))' output='${repoUrl}/features/${id}_${version}.jar'/>
  </mappings>
  <artifacts size='116'>
    <artifact classifier='osgi.bundle' id='javax.annotation' version='1.2.0.v201602091430'>
      <properties size='1'>
        <property name='download.size' value='29148'/>
      </properties>
    </artifact>
    <artifact classifier='osgi.bundle' id='org.eclipse.core.resources' version='3.13.100.v20180828-0158'>
      <properties size='1'>
        <property name='download.size' value='890744'/>
      </properties>
    </artifact>
    <artifact classifier='osgi.bundle' id='org.eclipse.systemfocus.kernel.common.ui' version='0.0.1.201905170847'>
      <properties size='1'>
        <property name='download.size' value='248552'/>
      </properties>
    </artifact>
    <artifact classifier='osgi.bundle' id='org.eclipse.fx.core.guice' version='3.5.0.201902252257'>
      <properties size='1'>
        <property name='download.size' value='14468'/>
      </properties>
    </artifact>
    <artifact classifier='osgi.bundle' id='org.eclipse.osgi' version='3.13.100.v20180827-1536'>
      <properties size='1'>
        <property name='download.size' value='1441175'/>
      </properties>
    </artifact>
    <artifact classifier='osgi.bundle' id='org.eclipse.core.databinding.observable' version='1.6.300.v20180827-2028'>
      <properties size='1'>
        <property name='download.size' value='315293'/>
      </properties>
    </artifact>
    <artifact classifier='osgi.bundle' id='org.apache.commons.net' version='3.2.0.v201305141515'>
      <properties size='1'>
        <property name='download.size' value='293918'/>
      </properties>
    </artifact>
    <artifact classifier='osgi.bundle' id='org.apache.commons.collections' version='3.2.2.v201511171945'>
      <properties size='1'>
        <property name='download.size' value='632437'/>
      </properties>
    </artifact>
    <artifact classifier='osgi.bundle' id='org.eclipse.core.databinding' version='1.7.0.v20180827-2028'>
      <properties size='1'>
        <property name='download.size' value='188251'/>
      </properties>
    </artifact>
    <artifact classifier='org.eclipse.update.feature' id='org.fortiss.sf1.af3.viewer.feature' version='0.0.1.201905170847'>
      <properties size='1'>
        <property name='download.size' value='734'/>
      </properties>
      <repositoryProperties size='1'>
        <property name='artifact.folder' value='true'/>
      </repositoryProperties>
    </artifact>
    <artifact classifier='osgi.bundle' id='org.eclipse.osgi.services' version='3.7.100.v20180827-1536'>
      <properties size='1'>
        <property name='download.size' value='125941'/>
      </properties>
    </artifact>
    <artifact classifier='osgi.bundle' id='org.apache.commons.logging' version='1.2.0.v20180409-1502'>
      <properties size='1'>
        <property name='download.size' value='73163'/>
      </properties>
    </artifact>
    <artifact classifier='osgi.bundle' id='org.fortiss.sf1.af3.viewer' version='0.0.1.201905170847'>
      <properties size='1'>
        <property name='download.size' value='47648'/>
      </properties>
    </artifact>
    <artifact classifier='osgi.bundle' id='org.eclipse.fx.ui.workbench.renderers.fx' version='3.5.0.201902252257'>
      <properties size='1'>
        <property name='download.size' value='271653'/>
      </properties>
    </artifact>
    <artifact classifier='osgi.bundle' id='com.google.guava' version='21.0.0.v20170206-1425'>
      <properties size='1'>
        <property name='download.size' value='2675014'/>
      </properties>
    </artifact>
    <artifact classifier='osgi.bundle' id='org.eclipse.core.filesystem' version='1.7.200.v20180828-0158'>
      <properties size='1'>
        <property name='download.size' value='66959'/>
      </properties>
    </artifact>
    <artifact classifier='osgi.bundle' id='org.eclipse.equinox.registry' version='3.8.100.v20180827-1235'>
      <properties size='1'>
        <property name='download.size' value='196213'/>
      </properties>
    </artifact>
    <artifact classifier='osgi.bundle' id='org.eclipse.jgit' version='4.9.2.201712150930-r'>
      <properties size='1'>
        <property name='download.size' value='2628143'/>
      </properties>
    </artifact>
    <artifact classifier='osgi.bundle' id='org.hamcrest.core' version='1.3.0.v20180420-1519'>
      <properties size='1'>
        <property name='download.size' value='66997'/>
      </properties>
    </artifact>
    <artifact classifier='osgi.bundle' id='org.eclipse.fx.ui.databinding' version='3.5.0.201902252257'>
      <properties size='1'>
        <property name='download.size' value='44160'/>
      </properties>
    </artifact>
    <artifact classifier='osgi.bundle' id='org.eclipse.systemfocus.kernel.base.model' version='0.0.1.201905170847'>
      <properties size='1'>
        <property name='download.size' value='88046'/>
      </properties>
    </artifact>
    <artifact classifier='osgi.bundle' id='org.eclipse.equinox.simpleconfigurator' version='1.3.100.v20180827-1122'>
      <properties size='1'>
        <property name='download.size' value='45947'/>
      </properties>
    </artifact>
    <artifact classifier='osgi.bundle' id='org.eclipse.equinox.util' version='1.1.100.v20180827-1235'>
      <properties size='1'>
        <property name='download.size' value='83310'/>
      </properties>
    </artifact>
    <artifact classifier='osgi.bundle' id='org.eclipse.e4.ui.model.workbench' version='2.1.100.v20180904-1914'>
      <properties size='1'>
        <property name='download.size' value='395416'/>
      </properties>
    </artifact>
    <artifact classifier='osgi.bundle' id='org.eclipse.equinox.common' version='3.10.100.v20180827-1235'>
      <properties size='1'>
        <property name='download.size' value='122058'/>
      </properties>
    </artifact>
    <artifact classifier='osgi.bundle' id='org.apache.commons.io' version='2.2.0.v201405211200'>
      <properties size='1'>
        <property name='download.size' value='194073'/>
      </properties>
    </artifact>
    <artifact classifier='osgi.bundle' id='javax.xml.jre' version='1.3.4.201902252257'>
      <properties size='1'>
        <property name='download.size' value='7347'/>
      </properties>
    </artifact>
    <artifact classifier='osgi.bundle' id='org.eclipse.emf.databinding' version='1.5.0.v20180706-1146'>
      <properties size='1'>
        <property name='download.size' value='92889'/>
      </properties>
    </artifact>
    <artifact classifier='osgi.bundle' id='org.eclipse.equinox.ds' version='1.5.200.v20180827-1235'>
      <properties size='1'>
        <property name='download.size' value='29191'/>
      </properties>
    </artifact>
    <artifact classifier='osgi.bundle' id='org.slf4j.api' version='1.7.10.v20170428-1633'>
      <properties size='1'>
        <property name='download.size' value='43531'/>
      </properties>
    </artifact>
    <artifact classifier='osgi.bundle' id='org.eclipse.fx.ui.dialogs' version='3.5.0.201902252257'>
      <properties size='1'>
        <property name='download.size' value='97317'/>
      </properties>
    </artifact>
    <artifact classifier='osgi.bundle' id='org.apache.commons.jxpath' version='1.3.0.v200911051830'>
      <properties size='1'>
        <property name='download.size' value='315491'/>
      </properties>
    </artifact>
    <artifact classifier='osgi.bundle' id='com.jcraft.jsch' version='0.1.54.v20170116-1932'>
      <properties size='1'>
        <property name='download.size' value='302599'/>
      </properties>
    </artifact>
    <artifact classifier='osgi.bundle' id='org.eclipse.core.contenttype' version='3.7.100.v20180817-1401'>
      <properties size='1'>
        <property name='download.size' value='105557'/>
      </properties>
    </artifact>
    <artifact classifier='osgi.bundle' id='org.eclipse.fx.core.log4j' version='3.5.0.201902252257'>
      <properties size='1'>
        <property name='download.size' value='13165'/>
      </properties>
    </artifact>
    <artifact classifier='osgi.bundle' id='org.eclipse.osgi.util' version='3.5.100.v20180827-1536'>
      <properties size='1'>
        <property name='download.size' value='73347'/>
      </properties>
    </artifact>
    <artifact classifier='osgi.bundle' id='org.apache.felix.gogo.command' version='1.0.2.v20170914-1324'>
      <properties size='1'>
        <property name='download.size' value='58232'/>
      </properties>
    </artifact>
    <artifact classifier='osgi.bundle' id='org.eclipse.equinox.launcher.gtk.linux.x86_64' version='1.1.800.v20180827-1352'>
      <properties size='1'>
        <property name='download.size' value='80670'/>
      </properties>
      <repositoryProperties size='1'>
        <property name='artifact.folder' value='true'/>
      </repositoryProperties>
    </artifact>
    <artifact classifier='osgi.bundle' id='org.apache.commons.lang3' version='3.1.0.v201403281430'>
      <properties size='1'>
        <property name='download.size' value='331301'/>
      </properties>
    </artifact>
    <artifact classifier='osgi.bundle' id='org.eclipse.core.databinding.property' version='1.6.300.v20180827-2028'>
      <properties size='1'>
        <property name='download.size' value='165323'/>
      </properties>
    </artifact>
    <artifact classifier='osgi.bundle' id='org.eclipse.equinox.event' version='1.4.300.v20180827-1235'>
      <properties size='1'>
        <property name='download.size' value='34802'/>
      </properties>
    </artifact>
    <artifact classifier='osgi.bundle' id='org.eclipse.fx.ui.controls' version='3.5.0.201902252257'>
      <properties size='1'>
        <property name='download.size' value='849513'/>
      </properties>
    </artifact>
    <artifact classifier='osgi.bundle' id='org.eclipse.systemfocus.kernel.base' version='0.0.1.201905170847'>
      <properties size='1'>
        <property name='download.size' value='15702'/>
      </properties>
    </artifact>
    <artifact classifier='osgi.bundle' id='org.eclipse.fx.ui.animation' version='3.5.0.201902252257'>
      <properties size='1'>
        <property name='download.size' value='33556'/>
      </properties>
    </artifact>
    <artifact classifier='osgi.bundle' id='org.eclipse.e4.core.contexts' version='1.7.100.v20180817-1215'>
      <properties size='1'>
        <property name='download.size' value='48583'/>
      </properties>
    </artifact>
    <artifact classifier='osgi.bundle' id='org.eclipse.fx.ui.workbench.fx' version='3.5.0.201902252257'>
      <properties size='1'>
        <property name='download.size' value='95527'/>
      </properties>
    </artifact>
    <artifact classifier='osgi.bundle' id='org.eclipse.fx.ui.keybindings' version='3.5.0.201902252257'>
      <properties size='1'>
        <property name='download.size' value='14157'/>
      </properties>
    </artifact>
    <artifact classifier='osgi.bundle' id='org.eclipse.e4.core.services' version='2.1.200.v20180817-1215'>
      <properties size='1'>
        <property name='download.size' value='58436'/>
      </properties>
    </artifact>
    <artifact classifier='osgi.bundle' id='org.eclipse.emf.validation' version='1.8.0.201706061352'>
      <properties size='1'>
        <property name='download.size' value='413334'/>
      </properties>
    </artifact>
    <artifact classifier='osgi.bundle' id='org.eclipse.emf.edit' version='2.14.0.v20180823-0456'>
      <properties size='1'>
        <property name='download.size' value='302193'/>
      </properties>
    </artifact>
    <artifact classifier='osgi.bundle' id='org.junit' version='4.12.0.v201504281640'>
      <properties size='1'>
        <property name='download.size' value='291025'/>
      </properties>
      <repositoryProperties size='1'>
        <property name='artifact.folder' value='true'/>
      </repositoryProperties>
    </artifact>
    <artifact classifier='osgi.bundle' id='com.ibm.icu.base' version='58.2.0.v20170418-1837'>
      <properties size='1'>
        <property name='download.size' value='197082'/>
      </properties>
    </artifact>
    <artifact classifier='osgi.bundle' id='org.eclipse.e4.core.di.extensions' version='0.15.200.v20180817-1215'>
      <properties size='1'>
        <property name='download.size' value='11420'/>
      </properties>
    </artifact>
    <artifact classifier='osgi.bundle' id='org.eclipse.fx.core.databinding' version='3.5.0.201902252257'>
      <properties size='1'>
        <property name='download.size' value='50286'/>
      </properties>
    </artifact>
    <artifact classifier='osgi.bundle' id='javaewah' version='1.1.6.v20160919-1400'>
      <properties size='1'>
        <property name='download.size' value='184158'/>
      </properties>
    </artifact>
    <artifact classifier='osgi.bundle' id='org.apache.felix.scr' version='2.0.14.v20180822-1822'>
      <properties size='1'>
        <property name='download.size' value='371044'/>
      </properties>
    </artifact>
    <artifact classifier='osgi.bundle' id='org.eclipse.fx.ui.theme' version='3.5.0.201902252257'>
      <properties size='1'>
        <property name='download.size' value='18103'/>
      </properties>
    </artifact>
    <artifact classifier='osgi.bundle' id='org.eclipse.core.runtime' version='3.15.0.v20180817-1401'>
      <properties size='1'>
        <property name='download.size' value='74618'/>
      </properties>
    </artifact>
    <artifact classifier='osgi.bundle' id='org.eclipse.systemfocus.kernel.core.ui' version='0.0.1.201905170847'>
      <properties size='1'>
        <property name='download.size' value='167605'/>
      </properties>
    </artifact>
    <artifact classifier='osgi.bundle' id='org.openjfx.graphics.linux' version='11.0.2.201904301405'>
      <properties size='1'>
        <property name='download.size' value='4477941'/>
      </properties>
    </artifact>
    <artifact classifier='osgi.bundle' id='org.eclipse.systemfocus.kernel.common' version='0.0.1.201905170847'>
      <properties size='1'>
        <property name='download.size' value='4889'/>
      </properties>
    </artifact>
    <artifact classifier='osgi.bundle' id='org.eclipse.core.expressions' version='3.6.200.v20180817-1401'>
      <properties size='1'>
        <property name='download.size' value='94197'/>
      </properties>
    </artifact>
    <artifact classifier='osgi.bundle' id='org.eclipse.core.commands' version='3.9.200.v20180827-1727'>
      <properties size='1'>
        <property name='download.size' value='115725'/>
      </properties>
    </artifact>
    <artifact classifier='osgi.bundle' id='org.eclipse.fx.ui.workbench.base' version='3.5.0.201902252257'>
      <properties size='1'>
        <property name='download.size' value='92165'/>
      </properties>
      <repositoryProperties size='1'>
        <property name='artifact.folder' value='true'/>
      </repositoryProperties>
    </artifact>
    <artifact classifier='osgi.bundle' id='org.eclipse.systemfocus.kernel.core.model' version='0.0.1.201905170847'>
      <properties size='1'>
        <property name='download.size' value='17572'/>
      </properties>
    </artifact>
    <artifact classifier='osgi.bundle' id='com.ibm.icu' version='58.2.0.v20181010-1334'>
      <properties size='1'>
        <property name='download.size' value='12058293'/>
      </properties>
    </artifact>
    <artifact classifier='org.eclipse.update.feature' id='org.openjfx.feature.basic' version='11.0.2.201904301405'>
      <properties size='1'>
        <property name='download.size' value='348'/>
      </properties>
      <repositoryProperties size='1'>
        <property name='artifact.folder' value='true'/>
      </repositoryProperties>
    </artifact>
    <artifact classifier='osgi.bundle' id='org.eclipse.fx.core.fxml' version='3.5.0.201902252257'>
      <properties size='1'>
        <property name='download.size' value='16366'/>
      </properties>
      <repositoryProperties size='1'>
        <property name='artifact.folder' value='true'/>
      </repositoryProperties>
    </artifact>
    <artifact classifier='osgi.bundle' id='org.eclipse.e4.ui.di' version='1.2.300.v20180906-1121'>
      <properties size='1'>
        <property name='download.size' value='17873'/>
      </properties>
    </artifact>
    <artifact classifier='osgi.bundle' id='org.apache.felix.gogo.shell' version='1.1.0.v20180713-1646'>
      <properties size='1'>
        <property name='download.size' value='69091'/>
      </properties>
    </artifact>
    <artifact classifier='osgi.bundle' id='org.apache.commons.lang' version='2.6.0.v201404270220'>
      <properties size='1'>
        <property name='download.size' value='298623'/>
      </properties>
    </artifact>
    <artifact classifier='osgi.bundle' id='org.eclipse.fx.core.di' version='3.5.0.201902252257'>
      <properties size='1'>
        <property name='download.size' value='13153'/>
      </properties>
    </artifact>
    <artifact classifier='osgi.bundle' id='org.eclipse.equinox.preferences' version='3.7.200.v20180827-1235'>
      <properties size='1'>
        <property name='download.size' value='133512'/>
      </properties>
    </artifact>
    <artifact classifier='osgi.bundle' id='org.openjfx.controls' version='11.0.2.201904301405'>
      <properties size='1'>
        <property name='download.size' value='2244050'/>
      </properties>
    </artifact>
    <artifact classifier='osgi.bundle' id='org.apache.commons.math' version='2.1.0.v201105210652'>
      <properties size='1'>
        <property name='download.size' value='881149'/>
      </properties>
    </artifact>
    <artifact classifier='osgi.bundle' id='org.eclipse.fx.core.di.context' version='3.5.0.201902252257'>
      <properties size='1'>
        <property name='download.size' value='110252'/>
      </properties>
    </artifact>
    <artifact classifier='osgi.bundle' id='org.eclipse.fx.ui.workbench.services' version='3.5.0.201902252257'>
      <properties size='1'>
        <property name='download.size' value='20501'/>
      </properties>
    </artifact>
    <artifact classifier='org.eclipse.update.feature' id='org.eclipse.fx.runtime.e4fx.feature' version='3.5.0.201902252257'>
      <properties size='1'>
        <property name='download.size' value='18883'/>
      </properties>
      <repositoryProperties size='1'>
        <property name='artifact.folder' value='true'/>
      </repositoryProperties>
    </artifact>
    <artifact classifier='osgi.bundle' id='org.eclipse.osgi.compatibility.state' version='1.1.200.v20180827-1536'>
      <properties size='1'>
        <property name='download.size' value='244968'/>
      </properties>
    </artifact>
    <artifact classifier='osgi.bundle' id='org.eclipse.equinox.launcher' version='1.5.100.v20180827-1352'>
      <properties size='1'>
        <property name='download.size' value='54576'/>
      </properties>
    </artifact>
    <artifact classifier='osgi.bundle' id='org.eclipse.emf.ecore' version='2.15.0.v20180722-1159'>
      <properties size='1'>
        <property name='download.size' value='1407497'/>
      </properties>
    </artifact>
    <artifact classifier='osgi.bundle' id='org.openjfx.base' version='11.0.2.201904301405'>
      <properties size='1'>
        <property name='download.size' value='657789'/>
      </properties>
    </artifact>
    <artifact classifier='osgi.bundle' id='org.eclipse.systemfocus.kernel.core' version='0.0.1.201905170847'>
      <properties size='1'>
        <property name='download.size' value='137568'/>
      </properties>
    </artifact>
    <artifact classifier='org.eclipse.update.feature' id='org.eclipse.fx.runtime.min.feature' version='3.5.0.201902220600'>
      <properties size='1'>
        <property name='download.size' value='17451'/>
      </properties>
      <repositoryProperties size='1'>
        <property name='artifact.folder' value='true'/>
      </repositoryProperties>
    </artifact>
    <artifact classifier='osgi.bundle' id='org.eclipse.equinox.app' version='1.3.600.v20180827-1235'>
      <properties size='1'>
        <property name='download.size' value='87773'/>
      </properties>
    </artifact>
    <artifact classifier='osgi.bundle' id='org.apache.commons.pool' version='1.6.0.v201204271246'>
      <properties size='1'>
        <property name='download.size' value='122011'/>
      </properties>
    </artifact>
    <artifact classifier='osgi.bundle' id='org.eclipse.equinox.concurrent' version='1.1.200.v20180827-1235'>
      <properties size='1'>
        <property name='download.size' value='26583'/>
      </properties>
    </artifact>
    <artifact classifier='osgi.bundle' id='org.eclipse.fx.ui.keybindings.e4' version='3.5.0.201902252257'>
      <properties size='1'>
        <property name='download.size' value='33517'/>
      </properties>
    </artifact>
    <artifact classifier='osgi.bundle' id='org.openjfx.fxml' version='11.0.2.201904301405'>
      <properties size='1'>
        <property name='download.size' value='117809'/>
      </properties>
    </artifact>
    <artifact classifier='osgi.bundle' id='javax.inject' version='1.0.0.v20091030'>
      <properties size='1'>
        <property name='download.size' value='16996'/>
      </properties>
    </artifact>
    <artifact classifier='osgi.bundle' id='org.eclipse.systemfocus.kernel.base.ui' version='0.0.1.201905170847'>
      <properties size='1'>
        <property name='download.size' value='57187'/>
      </properties>
    </artifact>
    <artifact classifier='osgi.bundle' id='org.eclipse.fx.ui.panes' version='3.5.0.201902252257'>
      <properties size='1'>
        <property name='download.size' value='83855'/>
      </properties>
    </artifact>
    <artifact classifier='osgi.bundle' id='org.eclipse.fx.ui.workbench.renderers.base' version='3.5.0.201902252257'>
      <properties size='1'>
        <property name='download.size' value='244931'/>
      </properties>
    </artifact>
    <artifact classifier='osgi.bundle' id='org.apache.log4j' version='1.2.15.v201012070815'>
      <properties size='1'>
        <property name='download.size' value='415047'/>
      </properties>
    </artifact>
    <artifact classifier='osgi.bundle' id='org.eclipse.e4.core.di.extensions.supplier' version='0.15.200.v20180817-1215'>
      <properties size='1'>
        <property name='download.size' value='35357'/>
      </properties>
    </artifact>
    <artifact classifier='osgi.bundle' id='org.eclipse.emf.common' version='2.15.0.v20180723-1316'>
      <properties size='1'>
        <property name='download.size' value='375991'/>
      </properties>
    </artifact>
    <artifact classifier='osgi.bundle' id='org.eclipse.fx.osgi' version='3.5.0.201902220600'>
      <properties size='1'>
        <property name='download.size' value='47081'/>
      </properties>
    </artifact>
    <artifact classifier='osgi.bundle' id='org.eclipse.fx.osgi.util' version='3.5.0.201902252257'>
      <properties size='1'>
        <property name='download.size' value='27882'/>
      </properties>
    </artifact>
    <artifact classifier='osgi.bundle' id='org.eclipse.e4.core.di.annotations' version='1.6.200.v20180817-1215'>
      <properties size='1'>
        <property name='download.size' value='12276'/>
      </properties>
    </artifact>
    <artifact classifier='osgi.bundle' id='org.eclipse.core.jobs' version='3.10.100.v20180817-1215'>
      <properties size='1'>
        <property name='download.size' value='107688'/>
      </properties>
    </artifact>
    <artifact classifier='org.eclipse.update.feature' id='org.openjfx.feature.graphics' version='11.0.2.201904301405'>
      <properties size='1'>
        <property name='download.size' value='408'/>
      </properties>
      <repositoryProperties size='1'>
        <property name='artifact.folder' value='true'/>
      </repositoryProperties>
    </artifact>
    <artifact classifier='osgi.bundle' id='org.eclipse.e4.ui.services' version='1.3.200.v20180906-1121'>
      <properties size='1'>
        <property name='download.size' value='25463'/>
      </properties>
    </artifact>
    <artifact classifier='osgi.bundle' id='org.eclipse.e4.ui.workbench' version='1.7.0.v20180906-1121'>
      <properties size='1'>
        <property name='download.size' value='259049'/>
      </properties>
    </artifact>
    <artifact classifier='osgi.bundle' id='org.eclipse.equinox.console' version='1.3.100.v20180827-1235'>
      <properties size='1'>
        <property name='download.size' value='125371'/>
      </properties>
    </artifact>
    <artifact classifier='osgi.bundle' id='org.eclipse.emf.ecore.xmi' version='2.15.0.v20180706-1146'>
      <properties size='1'>
        <property name='download.size' value='235239'/>
      </properties>
    </artifact>
    <artifact classifier='osgi.bundle' id='org.eclipse.emf.transaction' version='1.9.0.201706061339'>
      <properties size='1'>
        <property name='download.size' value='173074'/>
      </properties>
    </artifact>
    <artifact classifier='osgi.bundle' id='com.google.inject' version='3.0.0.v201605172100'>
      <properties size='1'>
        <property name='download.size' value='531525'/>
      </properties>
    </artifact>
    <artifact classifier='osgi.bundle' id='org.eclipse.fx.ui.keybindings.generic' version='3.5.0.201902252257'>
      <properties size='1'>
        <property name='download.size' value='22605'/>
      </properties>
    </artifact>
    <artifact classifier='osgi.bundle' id='org.eclipse.fx.ui.services' version='3.5.0.201902252257'>
      <properties size='1'>
        <property name='download.size' value='44635'/>
      </properties>
    </artifact>
    <artifact classifier='osgi.bundle' id='org.eclipse.e4.core.commands' version='0.12.300.v20180828-0227'>
      <properties size='1'>
        <property name='download.size' value='25812'/>
      </properties>
    </artifact>
    <artifact classifier='osgi.bundle' id='org.eclipse.emf.ecore.change' version='2.13.0.v20180706-1146'>
      <properties size='1'>
        <property name='download.size' value='103031'/>
      </properties>
    </artifact>
    <artifact classifier='osgi.bundle' id='org.apache.felix.gogo.runtime' version='1.1.0.v20180713-1646'>
      <properties size='1'>
        <property name='download.size' value='208743'/>
      </properties>
    </artifact>
    <artifact classifier='osgi.bundle' id='org.eclipse.e4.core.di' version='1.7.100.v20180817-1215'>
      <properties size='1'>
        <property name='download.size' value='52884'/>
      </properties>
    </artifact>
    <artifact classifier='osgi.bundle' id='org.eclipse.fx.ui.di' version='3.5.0.201902252257'>
      <properties size='1'>
        <property name='download.size' value='47769'/>
      </properties>
    </artifact>
    <artifact classifier='osgi.bundle' id='org.eclipse.e4.emf.xpath' version='0.2.200.v20180828-0227'>
      <properties size='1'>
        <property name='download.size' value='49567'/>
      </properties>
    </artifact>
    <artifact classifier='osgi.bundle' id='org.eclipse.fx.core' version='3.5.0.201902252257'>
      <properties size='1'>
        <property name='download.size' value='437542'/>
      </properties>
    </artifact>
  </artifacts>
</repository>
